date,keyword,page_url,position,search_volume,difficulty,search_engine,country,intent,position_change
2025-11-02,shopify plus consultant canada,/,40.7,480,32,Google,Canada,commercial,
2025-11-09,shopify plus consultant canada,/,40.8,480,32,Google,Canada,commercial,-0.1
2025-11-16,shopify plus consultant canada,/,43.9,480,32,Google,Canada,commercial,-3.1
2025-11-23,shopify plus consultant canada,/,39.2,480,32,Google,United States,commercial,4.7
2025-11-30,shopify plus consultant canada,/,38.6,480,32,Google,Canada,commercial,0.6
2025-12-07,shopify plus consultant canada,/,37.4,480,32,Google,United States,commercial,1.2
2025-12-14,shopify plus consultant canada,/,40.2,480,32,Google,Canada,commercial,-2.8
2025-12-21,shopify plus consultant canada,/,38.7,480,32,Google,Canada,commercial,1.5
2025-12-28,shopify plus consultant canada,/,34.5,480,32,Google,Canada,commercial,4.2
2026-01-04,shopify plus consultant canada,/,35.1,480,32,Google,United States,commercial,-0.6
2026-01-11,shopify plus consultant canada,/,31.8,480,32,Google,Canada,commercial,3.3
2026-01-18,shopify plus consultant canada,/,35.7,480,32,Google,Canada,commercial,-3.9
2026-01-25,shopify plus consultant canada,/,29.2,480,32,Google,Canada,commercial,6.5
2026-02-01,shopify plus consultant canada,/,33.8,480,32,Google,Canada,commercial,-4.6
2026-02-08,shopify plus consultant canada,/,33.0,480,32,Google,Canada,commercial,0.8
2026-02-15,shopify plus consultant canada,/,29.7,480,32,Google,United States,commercial,3.3
2026-02-22,shopify plus consultant canada,/,29.5,480,32,Google,Canada,commercial,0.2
2026-03-01,shopify plus consultant canada,/,32.1,480,32,Google,United States,commercial,-2.6
2026-03-08,shopify plus consultant canada,/,28.2,480,32,Google,United States,commercial,3.9
2026-03-15,shopify plus consultant canada,/,26.4,480,32,Google,Canada,commercial,1.8
2026-03-22,shopify plus consultant canada,/,27.2,480,32,Google,Canada,commercial,-0.8
2026-03-29,shopify plus consultant canada,/,27.1,480,32,Google,United States,commercial,0.1
2026-04-05,shopify plus consultant canada,/,22.8,480,32,Google,United States,commercial,4.3
2026-04-12,shopify plus consultant canada,/,20.2,480,32,Google,Canada,commercial,2.6
2026-04-19,shopify plus consultant canada,/,20.2,480,32,Google,United States,commercial,0.0
2026-04-26,shopify plus consultant canada,/,22.3,480,32,Google,Canada,commercial,-2.1
2025-11-02,shopify plus agency toronto,/locations/toronto,48.4,320,38,Google,United States,commercial,
2025-11-09,shopify plus agency toronto,/locations/toronto,49.0,320,38,Google,United States,commercial,-0.6
2025-11-16,shopify plus agency toronto,/locations/toronto,50.9,320,38,Google,Canada,commercial,-1.9
2025-11-23,shopify plus agency toronto,/locations/toronto,47.9,320,38,Google,United States,commercial,3.0
2025-11-30,shopify plus agency toronto,/locations/toronto,46.4,320,38,Google,Canada,commercial,1.5
2025-12-07,shopify plus agency toronto,/locations/toronto,49.2,320,38,Google,Canada,commercial,-2.8
2025-12-14,shopify plus agency toronto,/locations/toronto,48.2,320,38,Google,Canada,commercial,1.0
2025-12-21,shopify plus agency toronto,/locations/toronto,49.6,320,38,Google,Canada,commercial,-1.4
2025-12-28,shopify plus agency toronto,/locations/toronto,50.6,320,38,Google,Canada,commercial,-1.0
2026-01-04,shopify plus agency toronto,/locations/toronto,47.7,320,38,Google,United States,commercial,2.9
2026-01-11,shopify plus agency toronto,/locations/toronto,45.0,320,38,Google,Canada,commercial,2.7
2026-01-18,shopify plus agency toronto,/locations/toronto,46.8,320,38,Google,United States,commercial,-1.8
2026-01-25,shopify plus agency toronto,/locations/toronto,44.5,320,38,Google,United States,commercial,2.3
2026-02-01,shopify plus agency toronto,/locations/toronto,45.6,320,38,Google,Canada,commercial,-1.1
2026-02-08,shopify plus agency toronto,/locations/toronto,43.4,320,38,Google,Canada,commercial,2.2
2026-02-15,shopify plus agency toronto,/locations/toronto,42.7,320,38,Google,Canada,commercial,0.7
2026-02-22,shopify plus agency toronto,/locations/toronto,44.7,320,38,Google,Canada,commercial,-2.0
2026-03-01,shopify plus agency toronto,/locations/toronto,43.2,320,38,Google,United States,commercial,1.5
2026-03-08,shopify plus agency toronto,/locations/toronto,43.6,320,38,Google,United States,commercial,-0.4
2026-03-15,shopify plus agency toronto,/locations/toronto,44.6,320,38,Google,Canada,commercial,-1.0
2026-03-22,shopify plus agency toronto,/locations/toronto,41.6,320,38,Google,Canada,commercial,3.0
2026-03-29,shopify plus agency toronto,/locations/toronto,42.2,320,38,Google,United States,commercial,-0.6
2026-04-05,shopify plus agency toronto,/locations/toronto,41.5,320,38,Google,Canada,commercial,0.7
2026-04-12,shopify plus agency toronto,/locations/toronto,41.1,320,38,Google,Canada,commercial,0.4
2026-04-19,shopify plus agency toronto,/locations/toronto,42.9,320,38,Google,United States,commercial,-1.8
2026-04-26,shopify plus agency toronto,/locations/toronto,42.0,320,38,Google,United States,commercial,0.9
2025-11-02,shopify plus partner toronto,/locations/toronto,45.3,210,35,Google,Canada,commercial,
2025-11-09,shopify plus partner toronto,/locations/toronto,45.5,210,35,Google,United States,commercial,-0.2
2025-11-16,shopify plus partner toronto,/locations/toronto,46.6,210,35,Google,Canada,commercial,-1.1
2025-11-23,shopify plus partner toronto,/locations/toronto,42.8,210,35,Google,Canada,commercial,3.8
2025-11-30,shopify plus partner toronto,/locations/toronto,43.5,210,35,Google,Canada,commercial,-0.7
2025-12-07,shopify plus partner toronto,/locations/toronto,43.3,210,35,Google,United States,commercial,0.2
2025-12-14,shopify plus partner toronto,/locations/toronto,41.0,210,35,Google,Canada,commercial,2.3
2025-12-21,shopify plus partner toronto,/locations/toronto,43.2,210,35,Google,Canada,commercial,-2.2
2025-12-28,shopify plus partner toronto,/locations/toronto,41.1,210,35,Google,Canada,commercial,2.1
2026-01-04,shopify plus partner toronto,/locations/toronto,41.9,210,35,Google,Canada,commercial,-0.8
2026-01-11,shopify plus partner toronto,/locations/toronto,43.3,210,35,Google,Canada,commercial,-1.4
2026-01-18,shopify plus partner toronto,/locations/toronto,42.0,210,35,Google,Canada,commercial,1.3
2026-01-25,shopify plus partner toronto,/locations/toronto,42.0,210,35,Google,United States,commercial,0.0
2026-02-01,shopify plus partner toronto,/locations/toronto,40.4,210,35,Google,United States,commercial,1.6
2026-02-08,shopify plus partner toronto,/locations/toronto,34.4,210,35,Google,United States,commercial,6.0
2026-02-15,shopify plus partner toronto,/locations/toronto,39.1,210,35,Google,Canada,commercial,-4.7
2026-02-22,shopify plus partner toronto,/locations/toronto,42.6,210,35,Google,United States,commercial,-3.5
2026-03-01,shopify plus partner toronto,/locations/toronto,38.4,210,35,Google,Canada,commercial,4.2
2026-03-08,shopify plus partner toronto,/locations/toronto,40.7,210,35,Google,Canada,commercial,-2.3
2026-03-15,shopify plus partner toronto,/locations/toronto,37.7,210,35,Google,Canada,commercial,3.0
2026-03-22,shopify plus partner toronto,/locations/toronto,36.8,210,35,Google,United States,commercial,0.9
2026-03-29,shopify plus partner toronto,/locations/toronto,35.8,210,35,Google,United States,commercial,1.0
2026-04-05,shopify plus partner toronto,/locations/toronto,34.1,210,35,Google,United States,commercial,1.7
2026-04-12,shopify plus partner toronto,/locations/toronto,38.0,210,35,Google,Canada,commercial,-3.9
2026-04-19,shopify plus partner toronto,/locations/toronto,37.5,210,35,Google,Canada,commercial,0.5
2026-04-26,shopify plus partner toronto,/locations/toronto,35.9,210,35,Google,Canada,commercial,1.6
2025-11-02,shopify plus migration,/services,54.8,1900,55,Google,Canada,informational,
2025-11-09,shopify plus migration,/services,55.9,1900,55,Google,Canada,informational,-1.1
2025-11-16,shopify plus migration,/services,55.7,1900,55,Google,Canada,informational,0.2
2025-11-23,shopify plus migration,/services,56.3,1900,55,Google,Canada,informational,-0.6
2025-11-30,shopify plus migration,/services,57.4,1900,55,Google,United States,informational,-1.1
2025-12-07,shopify plus migration,/services,57.2,1900,55,Google,United States,informational,0.2
2025-12-14,shopify plus migration,/services,54.9,1900,55,Google,United States,informational,2.3
2025-12-21,shopify plus migration,/services,55.0,1900,55,Google,Canada,informational,-0.1
2025-12-28,shopify plus migration,/services,52.6,1900,55,Google,Canada,informational,2.4
2026-01-04,shopify plus migration,/services,54.1,1900,55,Google,United States,informational,-1.5
2026-01-11,shopify plus migration,/services,53.2,1900,55,Google,United States,informational,0.9
2026-01-18,shopify plus migration,/services,53.8,1900,55,Google,Canada,informational,-0.6
2026-01-25,shopify plus migration,/services,55.1,1900,55,Google,Canada,informational,-1.3
2026-02-01,shopify plus migration,/services,50.6,1900,55,Google,United States,informational,4.5
2026-02-08,shopify plus migration,/services,54.2,1900,55,Google,Canada,informational,-3.6
2026-02-15,shopify plus migration,/services,53.0,1900,55,Google,Canada,informational,1.2
2026-02-22,shopify plus migration,/services,53.2,1900,55,Google,Canada,informational,-0.2
2026-03-01,shopify plus migration,/services,52.1,1900,55,Google,Canada,informational,1.1
2026-03-08,shopify plus migration,/services,50.1,1900,55,Google,Canada,informational,2.0
2026-03-15,shopify plus migration,/services,52.0,1900,55,Google,Canada,informational,-1.9
2026-03-22,shopify plus migration,/services,52.7,1900,55,Google,Canada,informational,-0.7
2026-03-29,shopify plus migration,/services,49.3,1900,55,Google,Canada,informational,3.4
2026-04-05,shopify plus migration,/services,51.2,1900,55,Google,United States,informational,-1.9
2026-04-12,shopify plus migration,/services,51.0,1900,55,Google,Canada,informational,0.2
2026-04-19,shopify plus migration,/services,48.7,1900,55,Google,United States,informational,2.3
2026-04-26,shopify plus migration,/services,48.1,1900,55,Google,United States,informational,0.6
2025-11-02,magento to shopify plus migration,/blog/magento-to-shopify-plus,57.9,720,48,Google,Canada,informational,
2025-11-09,magento to shopify plus migration,/blog/magento-to-shopify-plus,60.2,720,48,Google,Canada,informational,-2.3
2025-11-16,magento to shopify plus migration,/blog/magento-to-shopify-plus,56.4,720,48,Google,Canada,informational,3.8
2025-11-23,magento to shopify plus migration,/blog/magento-to-shopify-plus,57.9,720,48,Google,Canada,informational,-1.5
2025-11-30,magento to shopify plus migration,/blog/magento-to-shopify-plus,55.5,720,48,Google,Canada,informational,2.4
2025-12-07,magento to shopify plus migration,/blog/magento-to-shopify-plus,53.4,720,48,Google,Canada,informational,2.1
2025-12-14,magento to shopify plus migration,/blog/magento-to-shopify-plus,51.9,720,48,Google,United States,informational,1.5
2025-12-21,magento to shopify plus migration,/blog/magento-to-shopify-plus,53.3,720,48,Google,United States,informational,-1.4
2025-12-28,magento to shopify plus migration,/blog/magento-to-shopify-plus,52.9,720,48,Google,Canada,informational,0.4
2026-01-04,magento to shopify plus migration,/blog/magento-to-shopify-plus,51.8,720,48,Google,United States,informational,1.1
2026-01-11,magento to shopify plus migration,/blog/magento-to-shopify-plus,51.8,720,48,Google,United States,informational,0.0
2026-01-18,magento to shopify plus migration,/blog/magento-to-shopify-plus,49.8,720,48,Google,United States,informational,2.0
2026-01-25,magento to shopify plus migration,/blog/magento-to-shopify-plus,49.5,720,48,Google,United States,informational,0.3
2026-02-01,magento to shopify plus migration,/blog/magento-to-shopify-plus,47.0,720,48,Google,United States,informational,2.5
2026-02-08,magento to shopify plus migration,/blog/magento-to-shopify-plus,48.4,720,48,Google,Canada,informational,-1.4
2026-02-15,magento to shopify plus migration,/blog/magento-to-shopify-plus,41.7,720,48,Google,United States,informational,6.7
2026-02-22,magento to shopify plus migration,/blog/magento-to-shopify-plus,44.8,720,48,Google,United States,informational,-3.1
2026-03-01,magento to shopify plus migration,/blog/magento-to-shopify-plus,42.3,720,48,Google,United States,informational,2.5
2026-03-08,magento to shopify plus migration,/blog/magento-to-shopify-plus,43.0,720,48,Google,United States,informational,-0.7
2026-03-15,magento to shopify plus migration,/blog/magento-to-shopify-plus,40.5,720,48,Google,Canada,informational,2.5
2026-03-22,magento to shopify plus migration,/blog/magento-to-shopify-plus,43.5,720,48,Google,Canada,informational,-3.0
2026-03-29,magento to shopify plus migration,/blog/magento-to-shopify-plus,40.0,720,48,Google,United States,informational,3.5
2026-04-05,magento to shopify plus migration,/blog/magento-to-shopify-plus,37.1,720,48,Google,Canada,informational,2.9
2026-04-12,magento to shopify plus migration,/blog/magento-to-shopify-plus,41.2,720,48,Google,Canada,informational,-4.1
2026-04-19,magento to shopify plus migration,/blog/magento-to-shopify-plus,36.5,720,48,Google,Canada,informational,4.7
2026-04-26,magento to shopify plus migration,/blog/magento-to-shopify-plus,38.3,720,48,Google,United States,informational,-1.8
2025-11-02,bigcommerce vs shopify plus,/blog/bigcommerce-vs-shopify-plus,62.5,1100,62,Google,United States,comparison,
2025-11-09,bigcommerce vs shopify plus,/blog/bigcommerce-vs-shopify-plus,63.3,1100,62,Google,United States,comparison,-0.8
2025-11-16,bigcommerce vs shopify plus,/blog/bigcommerce-vs-shopify-plus,61.8,1100,62,Google,United States,comparison,1.5
2025-11-23,bigcommerce vs shopify plus,/blog/bigcommerce-vs-shopify-plus,59.3,1100,62,Google,United States,comparison,2.5
2025-11-30,bigcommerce vs shopify plus,/blog/bigcommerce-vs-shopify-plus,60.9,1100,62,Google,Canada,comparison,-1.6
2025-12-07,bigcommerce vs shopify plus,/blog/bigcommerce-vs-shopify-plus,59.9,1100,62,Google,Canada,comparison,1.0
2025-12-14,bigcommerce vs shopify plus,/blog/bigcommerce-vs-shopify-plus,58.4,1100,62,Google,United States,comparison,1.5
2025-12-21,bigcommerce vs shopify plus,/blog/bigcommerce-vs-shopify-plus,58.4,1100,62,Google,Canada,comparison,0.0
2025-12-28,bigcommerce vs shopify plus,/blog/bigcommerce-vs-shopify-plus,59.5,1100,62,Google,Canada,comparison,-1.1
2026-01-04,bigcommerce vs shopify plus,/blog/bigcommerce-vs-shopify-plus,58.9,1100,62,Google,Canada,comparison,0.6
2026-01-11,bigcommerce vs shopify plus,/blog/bigcommerce-vs-shopify-plus,57.1,1100,62,Google,Canada,comparison,1.8
2026-01-18,bigcommerce vs shopify plus,/blog/bigcommerce-vs-shopify-plus,58.8,1100,62,Google,United States,comparison,-1.7
2026-01-25,bigcommerce vs shopify plus,/blog/bigcommerce-vs-shopify-plus,57.4,1100,62,Google,United States,comparison,1.4
2026-02-01,bigcommerce vs shopify plus,/blog/bigcommerce-vs-shopify-plus,54.7,1100,62,Google,United States,comparison,2.7
2026-02-08,bigcommerce vs shopify plus,/blog/bigcommerce-vs-shopify-plus,53.6,1100,62,Google,United States,comparison,1.1
2026-02-15,bigcommerce vs shopify plus,/blog/bigcommerce-vs-shopify-plus,54.9,1100,62,Google,United States,comparison,-1.3
2026-02-22,bigcommerce vs shopify plus,/blog/bigcommerce-vs-shopify-plus,53.9,1100,62,Google,Canada,comparison,1.0
2026-03-01,bigcommerce vs shopify plus,/blog/bigcommerce-vs-shopify-plus,54.7,1100,62,Google,United States,comparison,-0.8
2026-03-08,bigcommerce vs shopify plus,/blog/bigcommerce-vs-shopify-plus,52.5,1100,62,Google,Canada,comparison,2.2
2026-03-15,bigcommerce vs shopify plus,/blog/bigcommerce-vs-shopify-plus,53.0,1100,62,Google,Canada,comparison,-0.5
2026-03-22,bigcommerce vs shopify plus,/blog/bigcommerce-vs-shopify-plus,51.9,1100,62,Google,United States,comparison,1.1
2026-03-29,bigcommerce vs shopify plus,/blog/bigcommerce-vs-shopify-plus,51.3,1100,62,Google,Canada,comparison,0.6
2026-04-05,bigcommerce vs shopify plus,/blog/bigcommerce-vs-shopify-plus,53.0,1100,62,Google,Canada,comparison,-1.7
2026-04-12,bigcommerce vs shopify plus,/blog/bigcommerce-vs-shopify-plus,54.4,1100,62,Google,Canada,comparison,-1.4
2026-04-19,bigcommerce vs shopify plus,/blog/bigcommerce-vs-shopify-plus,50.8,1100,62,Google,Canada,comparison,3.6
2026-04-26,bigcommerce vs shopify plus,/blog/bigcommerce-vs-shopify-plus,49.6,1100,62,Google,United States,comparison,1.2
2025-11-02,shopify hydrogen agency,/services,51.6,390,41,Google,Canada,commercial,
2025-11-09,shopify hydrogen agency,/services,50.1,390,41,Google,Canada,commercial,1.5
2025-11-16,shopify hydrogen agency,/services,48.5,390,41,Google,United States,commercial,1.6
2025-11-23,shopify hydrogen agency,/services,49.0,390,41,Google,Canada,commercial,-0.5
2025-11-30,shopify hydrogen agency,/services,45.1,390,41,Google,United States,commercial,3.9
2025-12-07,shopify hydrogen agency,/services,46.9,390,41,Google,Canada,commercial,-1.8
2025-12-14,shopify hydrogen agency,/services,46.5,390,41,Google,United States,commercial,0.4
2025-12-21,shopify hydrogen agency,/services,44.1,390,41,Google,United States,commercial,2.4
2025-12-28,shopify hydrogen agency,/services,44.5,390,41,Google,Canada,commercial,-0.4
2026-01-04,shopify hydrogen agency,/services,43.5,390,41,Google,Canada,commercial,1.0
2026-01-11,shopify hydrogen agency,/services,43.5,390,41,Google,Canada,commercial,0.0
2026-01-18,shopify hydrogen agency,/services,43.9,390,41,Google,Canada,commercial,-0.4
2026-01-25,shopify hydrogen agency,/services,41.3,390,41,Google,Canada,commercial,2.6
2026-02-01,shopify hydrogen agency,/services,39.5,390,41,Google,Canada,commercial,1.8
2026-02-08,shopify hydrogen agency,/services,42.5,390,41,Google,United States,commercial,-3.0
2026-02-15,shopify hydrogen agency,/services,40.9,390,41,Google,Canada,commercial,1.6
2026-02-22,shopify hydrogen agency,/services,39.3,390,41,Google,Canada,commercial,1.6
2026-03-01,shopify hydrogen agency,/services,38.5,390,41,Google,Canada,commercial,0.8
2026-03-08,shopify hydrogen agency,/services,35.1,390,41,Google,United States,commercial,3.4
2026-03-15,shopify hydrogen agency,/services,39.7,390,41,Google,Canada,commercial,-4.6
2026-03-22,shopify hydrogen agency,/services,36.3,390,41,Google,Canada,commercial,3.4
2026-03-29,shopify hydrogen agency,/services,36.4,390,41,Google,Canada,commercial,-0.1
2026-04-05,shopify hydrogen agency,/services,34.9,390,41,Google,United States,commercial,1.5
2026-04-12,shopify hydrogen agency,/services,34.8,390,41,Google,Canada,commercial,0.1
2026-04-19,shopify hydrogen agency,/services,35.0,390,41,Google,Canada,commercial,-0.2
2026-04-26,shopify hydrogen agency,/services,32.3,390,41,Google,Canada,commercial,2.7
2025-11-02,shopify plus pricing,/blog/shopify-plus-pricing,62.5,5400,71,Google,Canada,informational,
2025-11-09,shopify plus pricing,/blog/shopify-plus-pricing,62.7,5400,71,Google,Canada,informational,-0.2
2025-11-16,shopify plus pricing,/blog/shopify-plus-pricing,63.0,5400,71,Google,Canada,informational,-0.3
2025-11-23,shopify plus pricing,/blog/shopify-plus-pricing,61.4,5400,71,Google,United States,informational,1.6
2025-11-30,shopify plus pricing,/blog/shopify-plus-pricing,64.3,5400,71,Google,United States,informational,-2.9
2025-12-07,shopify plus pricing,/blog/shopify-plus-pricing,58.5,5400,71,Google,Canada,informational,5.8
2025-12-14,shopify plus pricing,/blog/shopify-plus-pricing,60.6,5400,71,Google,United States,informational,-2.1
2025-12-21,shopify plus pricing,/blog/shopify-plus-pricing,59.6,5400,71,Google,United States,informational,1.0
2025-12-28,shopify plus pricing,/blog/shopify-plus-pricing,57.1,5400,71,Google,Canada,informational,2.5
2026-01-04,shopify plus pricing,/blog/shopify-plus-pricing,58.6,5400,71,Google,United States,informational,-1.5
2026-01-11,shopify plus pricing,/blog/shopify-plus-pricing,57.8,5400,71,Google,Canada,informational,0.8
2026-01-18,shopify plus pricing,/blog/shopify-plus-pricing,57.0,5400,71,Google,Canada,informational,0.8
2026-01-25,shopify plus pricing,/blog/shopify-plus-pricing,51.6,5400,71,Google,Canada,informational,5.4
2026-02-01,shopify plus pricing,/blog/shopify-plus-pricing,52.6,5400,71,Google,Canada,informational,-1.0
2026-02-08,shopify plus pricing,/blog/shopify-plus-pricing,50.8,5400,71,Google,United States,informational,1.8
2026-02-15,shopify plus pricing,/blog/shopify-plus-pricing,51.7,5400,71,Google,United States,informational,-0.9
2026-02-22,shopify plus pricing,/blog/shopify-plus-pricing,50.0,5400,71,Google,Canada,informational,1.7
2026-03-01,shopify plus pricing,/blog/shopify-plus-pricing,46.9,5400,71,Google,Canada,informational,3.1
2026-03-08,shopify plus pricing,/blog/shopify-plus-pricing,47.6,5400,71,Google,United States,informational,-0.7
2026-03-15,shopify plus pricing,/blog/shopify-plus-pricing,48.9,5400,71,Google,Canada,informational,-1.3
2026-03-22,shopify plus pricing,/blog/shopify-plus-pricing,47.6,5400,71,Google,Canada,informational,1.3
2026-03-29,shopify plus pricing,/blog/shopify-plus-pricing,44.6,5400,71,Google,United States,informational,3.0
2026-04-05,shopify plus pricing,/blog/shopify-plus-pricing,43.3,5400,71,Google,Canada,informational,1.3
2026-04-12,shopify plus pricing,/blog/shopify-plus-pricing,41.2,5400,71,Google,Canada,informational,2.1
2026-04-19,shopify plus pricing,/blog/shopify-plus-pricing,43.8,5400,71,Google,Canada,informational,-2.6
2026-04-26,shopify plus pricing,/blog/shopify-plus-pricing,44.4,5400,71,Google,Canada,informational,-0.6
2025-11-02,headless commerce shopify,/services,61.6,880,58,Google,Canada,informational,
2025-11-09,headless commerce shopify,/services,54.9,880,58,Google,United States,informational,6.7
2025-11-16,headless commerce shopify,/services,53.8,880,58,Google,United States,informational,1.1
2025-11-23,headless commerce shopify,/services,54.0,880,58,Google,Canada,informational,-0.2
2025-11-30,headless commerce shopify,/services,55.0,880,58,Google,Canada,informational,-1.0
2025-12-07,headless commerce shopify,/services,52.0,880,58,Google,Canada,informational,3.0
2025-12-14,headless commerce shopify,/services,51.9,880,58,Google,Canada,informational,0.1
2025-12-21,headless commerce shopify,/services,56.3,880,58,Google,Canada,informational,-4.4
2025-12-28,headless commerce shopify,/services,54.0,880,58,Google,Canada,informational,2.3
2026-01-04,headless commerce shopify,/services,51.0,880,58,Google,United States,informational,3.0
2026-01-11,headless commerce shopify,/services,53.1,880,58,Google,United States,informational,-2.1
2026-01-18,headless commerce shopify,/services,55.4,880,58,Google,Canada,informational,-2.3
2026-01-25,headless commerce shopify,/services,48.4,880,58,Google,United States,informational,7.0
2026-02-01,headless commerce shopify,/services,50.3,880,58,Google,Canada,informational,-1.9
2026-02-08,headless commerce shopify,/services,48.3,880,58,Google,United States,informational,2.0
2026-02-15,headless commerce shopify,/services,48.9,880,58,Google,Canada,informational,-0.6
2026-02-22,headless commerce shopify,/services,48.7,880,58,Google,United States,informational,0.2
2026-03-01,headless commerce shopify,/services,47.5,880,58,Google,United States,informational,1.2
2026-03-08,headless commerce shopify,/services,49.3,880,58,Google,United States,informational,-1.8
2026-03-15,headless commerce shopify,/services,46.5,880,58,Google,Canada,informational,2.8
2026-03-22,headless commerce shopify,/services,46.1,880,58,Google,Canada,informational,0.4
2026-03-29,headless commerce shopify,/services,43.6,880,58,Google,Canada,informational,2.5
2026-04-05,headless commerce shopify,/services,44.2,880,58,Google,Canada,informational,-0.6
2026-04-12,headless commerce shopify,/services,42.6,880,58,Google,Canada,informational,1.6
2026-04-19,headless commerce shopify,/services,41.4,880,58,Google,United States,informational,1.2
2026-04-26,headless commerce shopify,/services,44.0,880,58,Google,United States,informational,-2.6
2025-11-02,shopify plus vs shopify advanced,/blog/plus-vs-advanced,56.9,1300,49,Google,United States,comparison,
2025-11-09,shopify plus vs shopify advanced,/blog/plus-vs-advanced,60.8,1300,49,Google,Canada,comparison,-3.9
2025-11-16,shopify plus vs shopify advanced,/blog/plus-vs-advanced,56.1,1300,49,Google,Canada,comparison,4.7
2025-11-23,shopify plus vs shopify advanced,/blog/plus-vs-advanced,54.4,1300,49,Google,United States,comparison,1.7
2025-11-30,shopify plus vs shopify advanced,/blog/plus-vs-advanced,55.1,1300,49,Google,United States,comparison,-0.7
2025-12-07,shopify plus vs shopify advanced,/blog/plus-vs-advanced,53.2,1300,49,Google,Canada,comparison,1.9
2025-12-14,shopify plus vs shopify advanced,/blog/plus-vs-advanced,52.9,1300,49,Google,United States,comparison,0.3
2025-12-21,shopify plus vs shopify advanced,/blog/plus-vs-advanced,55.9,1300,49,Google,Canada,comparison,-3.0
2025-12-28,shopify plus vs shopify advanced,/blog/plus-vs-advanced,56.3,1300,49,Google,United States,comparison,-0.4
2026-01-04,shopify plus vs shopify advanced,/blog/plus-vs-advanced,52.3,1300,49,Google,United States,comparison,4.0
2026-01-11,shopify plus vs shopify advanced,/blog/plus-vs-advanced,49.8,1300,49,Google,United States,comparison,2.5
2026-01-18,shopify plus vs shopify advanced,/blog/plus-vs-advanced,49.1,1300,49,Google,United States,comparison,0.7
2026-01-25,shopify plus vs shopify advanced,/blog/plus-vs-advanced,49.0,1300,49,Google,United States,comparison,0.1
2026-02-01,shopify plus vs shopify advanced,/blog/plus-vs-advanced,46.9,1300,49,Google,United States,comparison,2.1
2026-02-08,shopify plus vs shopify advanced,/blog/plus-vs-advanced,51.5,1300,49,Google,Canada,comparison,-4.6
2026-02-15,shopify plus vs shopify advanced,/blog/plus-vs-advanced,48.3,1300,49,Google,Canada,comparison,3.2
2026-02-22,shopify plus vs shopify advanced,/blog/plus-vs-advanced,46.7,1300,49,Google,United States,comparison,1.6
2026-03-01,shopify plus vs shopify advanced,/blog/plus-vs-advanced,48.8,1300,49,Google,United States,comparison,-2.1
2026-03-08,shopify plus vs shopify advanced,/blog/plus-vs-advanced,42.9,1300,49,Google,Canada,comparison,5.9
2026-03-15,shopify plus vs shopify advanced,/blog/plus-vs-advanced,43.0,1300,49,Google,United States,comparison,-0.1
2026-03-22,shopify plus vs shopify advanced,/blog/plus-vs-advanced,42.9,1300,49,Google,United States,comparison,0.1
2026-03-29,shopify plus vs shopify advanced,/blog/plus-vs-advanced,39.0,1300,49,Google,United States,comparison,3.9
2026-04-05,shopify plus vs shopify advanced,/blog/plus-vs-advanced,40.7,1300,49,Google,Canada,comparison,-1.7
2026-04-12,shopify plus vs shopify advanced,/blog/plus-vs-advanced,39.3,1300,49,Google,Canada,comparison,1.4
2026-04-19,shopify plus vs shopify advanced,/blog/plus-vs-advanced,38.6,1300,49,Google,Canada,comparison,0.7
2026-04-26,shopify plus vs shopify advanced,/blog/plus-vs-advanced,38.5,1300,49,Google,Canada,comparison,0.1
2025-11-02,shopify b2b setup,/services,54.9,590,44,Google,Canada,commercial,
2025-11-09,shopify b2b setup,/services,54.3,590,44,Google,Canada,commercial,0.6
2025-11-16,shopify b2b setup,/services,53.1,590,44,Google,United States,commercial,1.2
2025-11-23,shopify b2b setup,/services,55.6,590,44,Google,United States,commercial,-2.5
2025-11-30,shopify b2b setup,/services,54.9,590,44,Google,Canada,commercial,0.7
2025-12-07,shopify b2b setup,/services,53.3,590,44,Google,Canada,commercial,1.6
2025-12-14,shopify b2b setup,/services,54.3,590,44,Google,Canada,commercial,-1.0
2025-12-21,shopify b2b setup,/services,51.6,590,44,Google,Canada,commercial,2.7
2025-12-28,shopify b2b setup,/services,54.6,590,44,Google,United States,commercial,-3.0
2026-01-04,shopify b2b setup,/services,54.7,590,44,Google,United States,commercial,-0.1
2026-01-11,shopify b2b setup,/services,53.4,590,44,Google,United States,commercial,1.3
2026-01-18,shopify b2b setup,/services,50.2,590,44,Google,Canada,commercial,3.2
2026-01-25,shopify b2b setup,/services,52.0,590,44,Google,United States,commercial,-1.8
2026-02-01,shopify b2b setup,/services,51.9,590,44,Google,Canada,commercial,0.1
2026-02-08,shopify b2b setup,/services,50.4,590,44,Google,Canada,commercial,1.5
2026-02-15,shopify b2b setup,/services,52.8,590,44,Google,Canada,commercial,-2.4
2026-02-22,shopify b2b setup,/services,48.9,590,44,Google,United States,commercial,3.9
2026-03-01,shopify b2b setup,/services,47.3,590,44,Google,United States,commercial,1.6
2026-03-08,shopify b2b setup,/services,49.0,590,44,Google,United States,commercial,-1.7
2026-03-15,shopify b2b setup,/services,50.2,590,44,Google,Canada,commercial,-1.2
2026-03-22,shopify b2b setup,/services,46.2,590,44,Google,Canada,commercial,4.0
2026-03-29,shopify b2b setup,/services,46.3,590,44,Google,United States,commercial,-0.1
2026-04-05,shopify b2b setup,/services,48.6,590,44,Google,Canada,commercial,-2.3
2026-04-12,shopify b2b setup,/services,46.9,590,44,Google,Canada,commercial,1.7
2026-04-19,shopify b2b setup,/services,46.3,590,44,Google,Canada,commercial,0.6
2026-04-26,shopify b2b setup,/services,48.1,590,44,Google,Canada,commercial,-1.8
2025-11-02,shopify subscription app,/blog/subscriptions,66.2,2400,65,Google,Canada,informational,
2025-11-09,shopify subscription app,/blog/subscriptions,66.9,2400,65,Google,United States,informational,-0.7
2025-11-16,shopify subscription app,/blog/subscriptions,62.4,2400,65,Google,United States,informational,4.5
2025-11-23,shopify subscription app,/blog/subscriptions,62.9,2400,65,Google,United States,informational,-0.5
2025-11-30,shopify subscription app,/blog/subscriptions,61.7,2400,65,Google,United States,informational,1.2
2025-12-07,shopify subscription app,/blog/subscriptions,61.3,2400,65,Google,United States,informational,0.4
2025-12-14,shopify subscription app,/blog/subscriptions,59.1,2400,65,Google,United States,informational,2.2
2025-12-21,shopify subscription app,/blog/subscriptions,60.1,2400,65,Google,Canada,informational,-1.0
2025-12-28,shopify subscription app,/blog/subscriptions,58.0,2400,65,Google,United States,informational,2.1
2026-01-04,shopify subscription app,/blog/subscriptions,57.9,2400,65,Google,United States,informational,0.1
2026-01-11,shopify subscription app,/blog/subscriptions,56.9,2400,65,Google,United States,informational,1.0
2026-01-18,shopify subscription app,/blog/subscriptions,57.2,2400,65,Google,Canada,informational,-0.3
2026-01-25,shopify subscription app,/blog/subscriptions,58.4,2400,65,Google,United States,informational,-1.2
2026-02-01,shopify subscription app,/blog/subscriptions,55.9,2400,65,Google,United States,informational,2.5
2026-02-08,shopify subscription app,/blog/subscriptions,53.6,2400,65,Google,United States,informational,2.3
2026-02-15,shopify subscription app,/blog/subscriptions,54.9,2400,65,Google,Canada,informational,-1.3
2026-02-22,shopify subscription app,/blog/subscriptions,52.2,2400,65,Google,Canada,informational,2.7
2026-03-01,shopify subscription app,/blog/subscriptions,53.0,2400,65,Google,United States,informational,-0.8
2026-03-08,shopify subscription app,/blog/subscriptions,52.7,2400,65,Google,Canada,informational,0.3
2026-03-15,shopify subscription app,/blog/subscriptions,53.7,2400,65,Google,Canada,informational,-1.0
2026-03-22,shopify subscription app,/blog/subscriptions,50.8,2400,65,Google,Canada,informational,2.9
2026-03-29,shopify subscription app,/blog/subscriptions,51.0,2400,65,Google,Canada,informational,-0.2
2026-04-05,shopify subscription app,/blog/subscriptions,51.6,2400,65,Google,Canada,informational,-0.6
2026-04-12,shopify subscription app,/blog/subscriptions,51.0,2400,65,Google,Canada,informational,0.6
2026-04-19,shopify subscription app,/blog/subscriptions,48.0,2400,65,Google,United States,informational,3.0
2026-04-26,shopify subscription app,/blog/subscriptions,48.8,2400,65,Google,Canada,informational,-0.8
2025-11-02,shopify checkout extensions,/blog/checkout-extensions,55.2,480,39,Google,Canada,informational,
2025-11-09,shopify checkout extensions,/blog/checkout-extensions,56.1,480,39,Google,Canada,informational,-0.9
2025-11-16,shopify checkout extensions,/blog/checkout-extensions,52.9,480,39,Google,Canada,informational,3.2
2025-11-23,shopify checkout extensions,/blog/checkout-extensions,50.8,480,39,Google,Canada,informational,2.1
2025-11-30,shopify checkout extensions,/blog/checkout-extensions,51.1,480,39,Google,Canada,informational,-0.3
2025-12-07,shopify checkout extensions,/blog/checkout-extensions,48.1,480,39,Google,United States,informational,3.0
2025-12-14,shopify checkout extensions,/blog/checkout-extensions,49.8,480,39,Google,United States,informational,-1.7
2025-12-21,shopify checkout extensions,/blog/checkout-extensions,51.0,480,39,Google,Canada,informational,-1.2
2025-12-28,shopify checkout extensions,/blog/checkout-extensions,46.0,480,39,Google,Canada,informational,5.0
2026-01-04,shopify checkout extensions,/blog/checkout-extensions,43.7,480,39,Google,Canada,informational,2.3
2026-01-11,shopify checkout extensions,/blog/checkout-extensions,46.3,480,39,Google,Canada,informational,-2.6
2026-01-18,shopify checkout extensions,/blog/checkout-extensions,46.8,480,39,Google,United States,informational,-0.5
2026-01-25,shopify checkout extensions,/blog/checkout-extensions,45.4,480,39,Google,United States,informational,1.4
2026-02-01,shopify checkout extensions,/blog/checkout-extensions,42.7,480,39,Google,Canada,informational,2.7
2026-02-08,shopify checkout extensions,/blog/checkout-extensions,42.6,480,39,Google,United States,informational,0.1
2026-02-15,shopify checkout extensions,/blog/checkout-extensions,39.8,480,39,Google,United States,informational,2.8
2026-02-22,shopify checkout extensions,/blog/checkout-extensions,40.2,480,39,Google,Canada,informational,-0.4
2026-03-01,shopify checkout extensions,/blog/checkout-extensions,40.2,480,39,Google,United States,informational,0.0
2026-03-08,shopify checkout extensions,/blog/checkout-extensions,38.7,480,39,Google,United States,informational,1.5
2026-03-15,shopify checkout extensions,/blog/checkout-extensions,39.4,480,39,Google,United States,informational,-0.7
2026-03-22,shopify checkout extensions,/blog/checkout-extensions,40.8,480,39,Google,Canada,informational,-1.4
2026-03-29,shopify checkout extensions,/blog/checkout-extensions,37.6,480,39,Google,United States,informational,3.2
2026-04-05,shopify checkout extensions,/blog/checkout-extensions,34.7,480,39,Google,Canada,informational,2.9
2026-04-12,shopify checkout extensions,/blog/checkout-extensions,36.7,480,39,Google,United States,informational,-2.0
2026-04-19,shopify checkout extensions,/blog/checkout-extensions,32.4,480,39,Google,Canada,informational,4.3
2026-04-26,shopify checkout extensions,/blog/checkout-extensions,30.6,480,39,Google,Canada,informational,1.8
2025-11-02,shopify markets multi-region,/blog/markets-guide,50.7,320,36,Google,United States,informational,
2025-11-09,shopify markets multi-region,/blog/markets-guide,51.0,320,36,Google,United States,informational,-0.3
2025-11-16,shopify markets multi-region,/blog/markets-guide,47.8,320,36,Google,Canada,informational,3.2
2025-11-23,shopify markets multi-region,/blog/markets-guide,47.4,320,36,Google,Canada,informational,0.4
2025-11-30,shopify markets multi-region,/blog/markets-guide,46.2,320,36,Google,Canada,informational,1.2
2025-12-07,shopify markets multi-region,/blog/markets-guide,44.4,320,36,Google,Canada,informational,1.8
2025-12-14,shopify markets multi-region,/blog/markets-guide,44.1,320,36,Google,Canada,informational,0.3
2025-12-21,shopify markets multi-region,/blog/markets-guide,43.4,320,36,Google,United States,informational,0.7
2025-12-28,shopify markets multi-region,/blog/markets-guide,46.9,320,36,Google,United States,informational,-3.5
2026-01-04,shopify markets multi-region,/blog/markets-guide,43.9,320,36,Google,United States,informational,3.0
2026-01-11,shopify markets multi-region,/blog/markets-guide,45.3,320,36,Google,Canada,informational,-1.4
2026-01-18,shopify markets multi-region,/blog/markets-guide,44.3,320,36,Google,United States,informational,1.0
2026-01-25,shopify markets multi-region,/blog/markets-guide,43.7,320,36,Google,United States,informational,0.6
2026-02-01,shopify markets multi-region,/blog/markets-guide,41.7,320,36,Google,United States,informational,2.0
2026-02-08,shopify markets multi-region,/blog/markets-guide,38.3,320,36,Google,Canada,informational,3.4
2026-02-15,shopify markets multi-region,/blog/markets-guide,37.0,320,36,Google,Canada,informational,1.3
2026-02-22,shopify markets multi-region,/blog/markets-guide,38.6,320,36,Google,United States,informational,-1.6
2026-03-01,shopify markets multi-region,/blog/markets-guide,38.3,320,36,Google,Canada,informational,0.3
2026-03-08,shopify markets multi-region,/blog/markets-guide,37.8,320,36,Google,Canada,informational,0.5
2026-03-15,shopify markets multi-region,/blog/markets-guide,39.1,320,36,Google,Canada,informational,-1.3
2026-03-22,shopify markets multi-region,/blog/markets-guide,34.3,320,36,Google,Canada,informational,4.8
2026-03-29,shopify markets multi-region,/blog/markets-guide,35.1,320,36,Google,Canada,informational,-0.8
2026-04-05,shopify markets multi-region,/blog/markets-guide,31.4,320,36,Google,United States,informational,3.7
2026-04-12,shopify markets multi-region,/blog/markets-guide,33.1,320,36,Google,Canada,informational,-1.7
2026-04-19,shopify markets multi-region,/blog/markets-guide,31.6,320,36,Google,United States,informational,1.5
2026-04-26,shopify markets multi-region,/blog/markets-guide,32.8,320,36,Google,Canada,informational,-1.2
2025-11-02,shopify plus consultant vancouver,/locations/vancouver,44.9,110,28,Google,Canada,commercial,
2025-11-09,shopify plus consultant vancouver,/locations/vancouver,41.9,110,28,Google,United States,commercial,3.0
2025-11-16,shopify plus consultant vancouver,/locations/vancouver,40.6,110,28,Google,Canada,commercial,1.3
2025-11-23,shopify plus consultant vancouver,/locations/vancouver,44.5,110,28,Google,United States,commercial,-3.9
2025-11-30,shopify plus consultant vancouver,/locations/vancouver,44.4,110,28,Google,Canada,commercial,0.1
2025-12-07,shopify plus consultant vancouver,/locations/vancouver,42.9,110,28,Google,Canada,commercial,1.5
2025-12-14,shopify plus consultant vancouver,/locations/vancouver,41.0,110,28,Google,Canada,commercial,1.9
2025-12-21,shopify plus consultant vancouver,/locations/vancouver,39.0,110,28,Google,Canada,commercial,2.0
2025-12-28,shopify plus consultant vancouver,/locations/vancouver,41.0,110,28,Google,Canada,commercial,-2.0
2026-01-04,shopify plus consultant vancouver,/locations/vancouver,39.5,110,28,Google,United States,commercial,1.5
2026-01-11,shopify plus consultant vancouver,/locations/vancouver,40.3,110,28,Google,Canada,commercial,-0.8
2026-01-18,shopify plus consultant vancouver,/locations/vancouver,41.0,110,28,Google,United States,commercial,-0.7
2026-01-25,shopify plus consultant vancouver,/locations/vancouver,36.8,110,28,Google,United States,commercial,4.2
2026-02-01,shopify plus consultant vancouver,/locations/vancouver,37.0,110,28,Google,Canada,commercial,-0.2
2026-02-08,shopify plus consultant vancouver,/locations/vancouver,33.1,110,28,Google,United States,commercial,3.9
2026-02-15,shopify plus consultant vancouver,/locations/vancouver,37.6,110,28,Google,Canada,commercial,-4.5
2026-02-22,shopify plus consultant vancouver,/locations/vancouver,36.4,110,28,Google,Canada,commercial,1.2
2026-03-01,shopify plus consultant vancouver,/locations/vancouver,37.1,110,28,Google,Canada,commercial,-0.7
2026-03-08,shopify plus consultant vancouver,/locations/vancouver,33.6,110,28,Google,Canada,commercial,3.5
2026-03-15,shopify plus consultant vancouver,/locations/vancouver,32.1,110,28,Google,Canada,commercial,1.5
2026-03-22,shopify plus consultant vancouver,/locations/vancouver,33.5,110,28,Google,United States,commercial,-1.4
2026-03-29,shopify plus consultant vancouver,/locations/vancouver,33.5,110,28,Google,Canada,commercial,0.0
2026-04-05,shopify plus consultant vancouver,/locations/vancouver,32.7,110,28,Google,Canada,commercial,0.8
2026-04-12,shopify plus consultant vancouver,/locations/vancouver,31.3,110,28,Google,Canada,commercial,1.4
2026-04-19,shopify plus consultant vancouver,/locations/vancouver,30.5,110,28,Google,Canada,commercial,0.8
2026-04-26,shopify plus consultant vancouver,/locations/vancouver,29.8,110,28,Google,Canada,commercial,0.7
2025-11-02,shopify plus consultant calgary,/locations/calgary,45.6,90,26,Google,Canada,commercial,
2025-11-09,shopify plus consultant calgary,/locations/calgary,46.9,90,26,Google,United States,commercial,-1.3
2025-11-16,shopify plus consultant calgary,/locations/calgary,44.9,90,26,Google,United States,commercial,2.0
2025-11-23,shopify plus consultant calgary,/locations/calgary,45.7,90,26,Google,Canada,commercial,-0.8
2025-11-30,shopify plus consultant calgary,/locations/calgary,42.5,90,26,Google,Canada,commercial,3.2
2025-12-07,shopify plus consultant calgary,/locations/calgary,43.9,90,26,Google,United States,commercial,-1.4
2025-12-14,shopify plus consultant calgary,/locations/calgary,45.2,90,26,Google,Canada,commercial,-1.3
2025-12-21,shopify plus consultant calgary,/locations/calgary,43.0,90,26,Google,Canada,commercial,2.2
2025-12-28,shopify plus consultant calgary,/locations/calgary,41.5,90,26,Google,Canada,commercial,1.5
2026-01-04,shopify plus consultant calgary,/locations/calgary,44.1,90,26,Google,Canada,commercial,-2.6
2026-01-11,shopify plus consultant calgary,/locations/calgary,41.7,90,26,Google,Canada,commercial,2.4
2026-01-18,shopify plus consultant calgary,/locations/calgary,40.3,90,26,Google,United States,commercial,1.4
2026-01-25,shopify plus consultant calgary,/locations/calgary,40.7,90,26,Google,United States,commercial,-0.4
2026-02-01,shopify plus consultant calgary,/locations/calgary,36.4,90,26,Google,Canada,commercial,4.3
2026-02-08,shopify plus consultant calgary,/locations/calgary,39.1,90,26,Google,Canada,commercial,-2.7
2026-02-15,shopify plus consultant calgary,/locations/calgary,40.4,90,26,Google,Canada,commercial,-1.3
2026-02-22,shopify plus consultant calgary,/locations/calgary,37.2,90,26,Google,Canada,commercial,3.2
2026-03-01,shopify plus consultant calgary,/locations/calgary,36.2,90,26,Google,United States,commercial,1.0
2026-03-08,shopify plus consultant calgary,/locations/calgary,37.3,90,26,Google,Canada,commercial,-1.1
2026-03-15,shopify plus consultant calgary,/locations/calgary,34.2,90,26,Google,Canada,commercial,3.1
2026-03-22,shopify plus consultant calgary,/locations/calgary,34.3,90,26,Google,Canada,commercial,-0.1
2026-03-29,shopify plus consultant calgary,/locations/calgary,33.3,90,26,Google,United States,commercial,1.0
2026-04-05,shopify plus consultant calgary,/locations/calgary,33.1,90,26,Google,United States,commercial,0.2
2026-04-12,shopify plus consultant calgary,/locations/calgary,34.3,90,26,Google,Canada,commercial,-1.2
2026-04-19,shopify plus consultant calgary,/locations/calgary,34.3,90,26,Google,Canada,commercial,0.0
2026-04-26,shopify plus consultant calgary,/locations/calgary,31.5,90,26,Google,Canada,commercial,2.8
2025-11-02,odoo shopify integration,/platforms/odoo,56.2,720,42,Google,Canada,commercial,
2025-11-09,odoo shopify integration,/platforms/odoo,54.9,720,42,Google,Canada,commercial,1.3
2025-11-16,odoo shopify integration,/platforms/odoo,51.5,720,42,Google,United States,commercial,3.4
2025-11-23,odoo shopify integration,/platforms/odoo,55.0,720,42,Google,Canada,commercial,-3.5
2025-11-30,odoo shopify integration,/platforms/odoo,52.2,720,42,Google,United States,commercial,2.8
2025-12-07,odoo shopify integration,/platforms/odoo,51.8,720,42,Google,Canada,commercial,0.4
2025-12-14,odoo shopify integration,/platforms/odoo,48.9,720,42,Google,United States,commercial,2.9
2025-12-21,odoo shopify integration,/platforms/odoo,49.3,720,42,Google,Canada,commercial,-0.4
2025-12-28,odoo shopify integration,/platforms/odoo,47.4,720,42,Google,United States,commercial,1.9
2026-01-04,odoo shopify integration,/platforms/odoo,49.3,720,42,Google,Canada,commercial,-1.9
2026-01-11,odoo shopify integration,/platforms/odoo,45.8,720,42,Google,United States,commercial,3.5
2026-01-18,odoo shopify integration,/platforms/odoo,46.4,720,42,Google,Canada,commercial,-0.6
2026-01-25,odoo shopify integration,/platforms/odoo,48.1,720,42,Google,United States,commercial,-1.7
2026-02-01,odoo shopify integration,/platforms/odoo,44.4,720,42,Google,United States,commercial,3.7
2026-02-08,odoo shopify integration,/platforms/odoo,42.3,720,42,Google,Canada,commercial,2.1
2026-02-15,odoo shopify integration,/platforms/odoo,42.1,720,42,Google,Canada,commercial,0.2
2026-02-22,odoo shopify integration,/platforms/odoo,40.6,720,42,Google,Canada,commercial,1.5
2026-03-01,odoo shopify integration,/platforms/odoo,40.4,720,42,Google,Canada,commercial,0.2
2026-03-08,odoo shopify integration,/platforms/odoo,39.4,720,42,Google,Canada,commercial,1.0
2026-03-15,odoo shopify integration,/platforms/odoo,36.3,720,42,Google,United States,commercial,3.1
2026-03-22,odoo shopify integration,/platforms/odoo,34.7,720,42,Google,United States,commercial,1.6
2026-03-29,odoo shopify integration,/platforms/odoo,36.1,720,42,Google,United States,commercial,-1.4
2026-04-05,odoo shopify integration,/platforms/odoo,35.3,720,42,Google,Canada,commercial,0.8
2026-04-12,odoo shopify integration,/platforms/odoo,31.4,720,42,Google,United States,commercial,3.9
2026-04-19,odoo shopify integration,/platforms/odoo,32.3,720,42,Google,Canada,commercial,-0.9
2026-04-26,odoo shopify integration,/platforms/odoo,33.4,720,42,Google,United States,commercial,-1.1
2025-11-02,woocommerce to shopify migration,/blog/woo-to-shopify,52.2,880,47,Google,United States,informational,
2025-11-09,woocommerce to shopify migration,/blog/woo-to-shopify,49.2,880,47,Google,Canada,informational,3.0
2025-11-16,woocommerce to shopify migration,/blog/woo-to-shopify,51.4,880,47,Google,United States,informational,-2.2
2025-11-23,woocommerce to shopify migration,/blog/woo-to-shopify,49.4,880,47,Google,Canada,informational,2.0
2025-11-30,woocommerce to shopify migration,/blog/woo-to-shopify,46.8,880,47,Google,United States,informational,2.6
2025-12-07,woocommerce to shopify migration,/blog/woo-to-shopify,45.3,880,47,Google,United States,informational,1.5
2025-12-14,woocommerce to shopify migration,/blog/woo-to-shopify,44.2,880,47,Google,United States,informational,1.1
2025-12-21,woocommerce to shopify migration,/blog/woo-to-shopify,42.7,880,47,Google,United States,informational,1.5
2025-12-28,woocommerce to shopify migration,/blog/woo-to-shopify,40.2,880,47,Google,Canada,informational,2.5
2026-01-04,woocommerce to shopify migration,/blog/woo-to-shopify,43.3,880,47,Google,Canada,informational,-3.1
2026-01-11,woocommerce to shopify migration,/blog/woo-to-shopify,39.3,880,47,Google,Canada,informational,4.0
2026-01-18,woocommerce to shopify migration,/blog/woo-to-shopify,40.6,880,47,Google,Canada,informational,-1.3
2026-01-25,woocommerce to shopify migration,/blog/woo-to-shopify,37.9,880,47,Google,United States,informational,2.7
2026-02-01,woocommerce to shopify migration,/blog/woo-to-shopify,37.4,880,47,Google,Canada,informational,0.5
2026-02-08,woocommerce to shopify migration,/blog/woo-to-shopify,35.9,880,47,Google,Canada,informational,1.5
2026-02-15,woocommerce to shopify migration,/blog/woo-to-shopify,39.1,880,47,Google,United States,informational,-3.2
2026-02-22,woocommerce to shopify migration,/blog/woo-to-shopify,34.4,880,47,Google,United States,informational,4.7
2026-03-01,woocommerce to shopify migration,/blog/woo-to-shopify,33.0,880,47,Google,Canada,informational,1.4
2026-03-08,woocommerce to shopify migration,/blog/woo-to-shopify,31.2,880,47,Google,United States,informational,1.8
2026-03-15,woocommerce to shopify migration,/blog/woo-to-shopify,30.8,880,47,Google,Canada,informational,0.4
2026-03-22,woocommerce to shopify migration,/blog/woo-to-shopify,32.3,880,47,Google,Canada,informational,-1.5
2026-03-29,woocommerce to shopify migration,/blog/woo-to-shopify,28.3,880,47,Google,United States,informational,4.0
2026-04-05,woocommerce to shopify migration,/blog/woo-to-shopify,25.3,880,47,Google,United States,informational,3.0
2026-04-12,woocommerce to shopify migration,/blog/woo-to-shopify,25.7,880,47,Google,Canada,informational,-0.4
2026-04-19,woocommerce to shopify migration,/blog/woo-to-shopify,25.8,880,47,Google,Canada,informational,-0.1
2026-04-26,woocommerce to shopify migration,/blog/woo-to-shopify,26.1,880,47,Google,Canada,informational,-0.3
2025-11-02,shopify site speed optimization,/services,50.1,480,43,Google,Canada,commercial,
2025-11-09,shopify site speed optimization,/services,50.9,480,43,Google,United States,commercial,-0.8
2025-11-16,shopify site speed optimization,/services,48.2,480,43,Google,United States,commercial,2.7
2025-11-23,shopify site speed optimization,/services,47.2,480,43,Google,Canada,commercial,1.0
2025-11-30,shopify site speed optimization,/services,49.8,480,43,Google,Canada,commercial,-2.6
2025-12-07,shopify site speed optimization,/services,47.6,480,43,Google,Canada,commercial,2.2
2025-12-14,shopify site speed optimization,/services,45.8,480,43,Google,United States,commercial,1.8
2025-12-21,shopify site speed optimization,/services,45.3,480,43,Google,Canada,commercial,0.5
2025-12-28,shopify site speed optimization,/services,46.2,480,43,Google,Canada,commercial,-0.9
2026-01-04,shopify site speed optimization,/services,48.6,480,43,Google,Canada,commercial,-2.4
2026-01-11,shopify site speed optimization,/services,44.2,480,43,Google,United States,commercial,4.4
2026-01-18,shopify site speed optimization,/services,42.1,480,43,Google,Canada,commercial,2.1
2026-01-25,shopify site speed optimization,/services,43.0,480,43,Google,Canada,commercial,-0.9
2026-02-01,shopify site speed optimization,/services,45.2,480,43,Google,Canada,commercial,-2.2
2026-02-08,shopify site speed optimization,/services,42.5,480,43,Google,Canada,commercial,2.7
2026-02-15,shopify site speed optimization,/services,42.1,480,43,Google,Canada,commercial,0.4
2026-02-22,shopify site speed optimization,/services,42.0,480,43,Google,United States,commercial,0.1
2026-03-01,shopify site speed optimization,/services,40.7,480,43,Google,Canada,commercial,1.3
2026-03-08,shopify site speed optimization,/services,39.7,480,43,Google,Canada,commercial,1.0
2026-03-15,shopify site speed optimization,/services,39.1,480,43,Google,Canada,commercial,0.6
2026-03-22,shopify site speed optimization,/services,36.0,480,43,Google,United States,commercial,3.1
2026-03-29,shopify site speed optimization,/services,42.0,480,43,Google,Canada,commercial,-6.0
2026-04-05,shopify site speed optimization,/services,36.8,480,43,Google,United States,commercial,5.2
2026-04-12,shopify site speed optimization,/services,38.6,480,43,Google,United States,commercial,-1.8
2026-04-19,shopify site speed optimization,/services,36.9,480,43,Google,Canada,commercial,1.7
2026-04-26,shopify site speed optimization,/services,37.5,480,43,Google,Canada,commercial,-0.6
2025-11-02,core web vitals shopify,/blog/core-web-vitals-shopify,54.4,390,38,Google,Canada,informational,
2025-11-09,core web vitals shopify,/blog/core-web-vitals-shopify,49.7,390,38,Google,Canada,informational,4.7
2025-11-16,core web vitals shopify,/blog/core-web-vitals-shopify,50.1,390,38,Google,United States,informational,-0.4
2025-11-23,core web vitals shopify,/blog/core-web-vitals-shopify,48.9,390,38,Google,Canada,informational,1.2
2025-11-30,core web vitals shopify,/blog/core-web-vitals-shopify,49.0,390,38,Google,United States,informational,-0.1
2025-12-07,core web vitals shopify,/blog/core-web-vitals-shopify,47.7,390,38,Google,Canada,informational,1.3
2025-12-14,core web vitals shopify,/blog/core-web-vitals-shopify,46.4,390,38,Google,Canada,informational,1.3
2025-12-21,core web vitals shopify,/blog/core-web-vitals-shopify,47.1,390,38,Google,Canada,informational,-0.7
2025-12-28,core web vitals shopify,/blog/core-web-vitals-shopify,42.3,390,38,Google,Canada,informational,4.8
2026-01-04,core web vitals shopify,/blog/core-web-vitals-shopify,43.7,390,38,Google,Canada,informational,-1.4
2026-01-11,core web vitals shopify,/blog/core-web-vitals-shopify,40.3,390,38,Google,Canada,informational,3.4
2026-01-18,core web vitals shopify,/blog/core-web-vitals-shopify,38.1,390,38,Google,Canada,informational,2.2
2026-01-25,core web vitals shopify,/blog/core-web-vitals-shopify,40.5,390,38,Google,United States,informational,-2.4
2026-02-01,core web vitals shopify,/blog/core-web-vitals-shopify,36.4,390,38,Google,Canada,informational,4.1
2026-02-08,core web vitals shopify,/blog/core-web-vitals-shopify,37.3,390,38,Google,Canada,informational,-0.9
2026-02-15,core web vitals shopify,/blog/core-web-vitals-shopify,34.1,390,38,Google,Canada,informational,3.2
2026-02-22,core web vitals shopify,/blog/core-web-vitals-shopify,34.6,390,38,Google,United States,informational,-0.5
2026-03-01,core web vitals shopify,/blog/core-web-vitals-shopify,33.1,390,38,Google,Canada,informational,1.5
2026-03-08,core web vitals shopify,/blog/core-web-vitals-shopify,31.8,390,38,Google,Canada,informational,1.3
2026-03-15,core web vitals shopify,/blog/core-web-vitals-shopify,31.5,390,38,Google,Canada,informational,0.3
2026-03-22,core web vitals shopify,/blog/core-web-vitals-shopify,29.0,390,38,Google,Canada,informational,2.5
2026-03-29,core web vitals shopify,/blog/core-web-vitals-shopify,27.9,390,38,Google,United States,informational,1.1
2026-04-05,core web vitals shopify,/blog/core-web-vitals-shopify,26.6,390,38,Google,Canada,informational,1.3
2026-04-12,core web vitals shopify,/blog/core-web-vitals-shopify,26.9,390,38,Google,United States,informational,-0.3
2026-04-19,core web vitals shopify,/blog/core-web-vitals-shopify,25.9,390,38,Google,United States,informational,1.0
2026-04-26,core web vitals shopify,/blog/core-web-vitals-shopify,24.0,390,38,Google,Canada,informational,1.9
